name,ra,decl,z,type,measwave,restwave,student_id,velocity,angular_size,distance,element
spec-2022-53827-0286,190.436,35.0628,0.023094,Sp,6676,6563,1,5072,70,83,H-alpha
spec-1769-53502-0234,189.645,14.3524,0.0306357,Sp,6746,6563,1,8271,96,114,H-alpha
spec-1755-53386-0401,174.258,15.5706,0.01325,Sp,6650,6563,1,3884,44,75,H-alpha
spec-1748-53112-0136,159.273,12.7706,0.0332265,Sp,6704,6563,1,6351,121,144,H-alpha
spec-1386-53116-0262,228.009,32.9154,0.022925,Sp,6702,6563,1,6260,65,77,H-alpha