name,ra,decl,z,type,measwave,restwave,student_id,Velocity (km/s),angular_size,Distance (Mpc),element
spec-2022-53827-0286,190.436,35.0628,0.023094,Sp,6732,6563,1,7631,88,72,H-α
spec-1769-53502-0234,189.645,14.3524,0.0306357,Sp,6765,6563,1,9139,28,225,H-α
spec-1755-53386-0401,174.258,15.5706,0.01325,Sp,6675,6563,1,5027,89,71,H-α
spec-1748-53112-0136,159.273,12.7706,0.0332265,Sp,6785,6563,1,10053,53,119,H-α
spec-1386-53116-0262,228.009,32.9154,0.022925,Sp,6697,6563,1,6032,40,158,H-α
