student_id,galaxy.id,galaxy.name,galaxy.ra,galaxy.decl,galaxy.z,galaxy.type,obs_wave_value,restwave,velocity_value,ang_size_value,est_dist_value,galaxy.element
0,355,spec-2022-53827-0286,190.436,35.0628,0.023094,Sp,6732,6563,7631,106,59,H-α
0,1639,spec-1769-53502-0234,189.645,14.3524,0.0306357,Sp,6765,6563,9139,34,185,H-α
0,294,spec-1755-53386-0401,174.258,15.5706,0.01325,Sp,6675,6563,5027,107,59,H-α
0,1400,spec-1748-53112-0136,159.273,12.7706,0.0332265,Sp,6785,6563,10053,64,98,H-α
0,227,spec-1386-53116-0262,228.009,32.9154,0.022925,Sp,6697,6563,6032,40,158,H-α
